trial_id,true_bit,S_phi,S_rho
0,1,2.14773819e-01,9.03371811e-01
1,1,2.14926988e-01,9.02677894e-01
2,0,1.95202157e-01,9.16803241e-01
3,0,1.95905209e-01,9.17051733e-01
4,0,1.95379242e-01,9.16919053e-01
5,1,2.14866340e-01,9.02251482e-01
6,0,1.95178434e-01,9.17624354e-01
7,1,2.15402111e-01,9.02434349e-01
8,0,1.95705250e-01,9.15730596e-01
9,1,2.14628994e-01,9.02255774e-01
10,0,1.96057633e-01,9.16267872e-01
11,0,1.95948318e-01,9.15429950e-01
12,0,1.95363671e-01,9.16290164e-01
13,1,2.14841321e-01,9.02123034e-01
14,0,1.95672303e-01,9.16545928e-01
15,1,2.15244338e-01,9.03231263e-01
16,1,2.14853257e-01,9.03147340e-01
17,1,2.15070993e-01,9.03315783e-01
18,1,2.14675590e-01,9.02304888e-01
19,1,2.14382038e-01,9.03764486e-01
20,0,1.95498139e-01,9.16425705e-01
21,1,2.14855582e-01,9.02426839e-01
22,0,1.96165144e-01,9.16273355e-01
23,1,2.14647979e-01,9.02597249e-01
24,0,1.95658118e-01,9.16506827e-01
25,0,1.95827633e-01,9.16764736e-01
26,1,2.15154052e-01,9.03360784e-01
27,0,1.95923537e-01,9.16804552e-01
28,1,2.15096831e-01,9.02437449e-01
29,1,2.14912206e-01,9.02410984e-01
30,0,1.95455447e-01,9.16421950e-01
31,0,1.95581943e-01,9.16186571e-01
32,0,1.95296183e-01,9.16203499e-01
33,0,1.95966765e-01,9.16672826e-01
34,0,1.95906281e-01,9.15821731e-01
35,1,2.15101734e-01,9.02251720e-01
36,0,1.95031241e-01,9.17158365e-01
37,0,1.96181864e-01,9.16335702e-01
38,0,1.95454359e-01,9.16878700e-01
39,0,1.94969997e-01,9.17465210e-01
40,1,2.14927375e-01,9.02682483e-01
41,1,2.14903712e-01,9.01984155e-01
42,0,1.95503920e-01,9.15928006e-01
43,0,1.96225539e-01,9.16235924e-01
44,1,2.15280756e-01,9.02880728e-01
45,1,2.15480745e-01,9.02902544e-01
46,1,2.15183198e-01,9.02450323e-01
47,1,2.14753479e-01,9.02958512e-01
48,1,2.15202779e-01,9.02098298e-01
49,0,1.95797354e-01,9.17377412e-01
50,0,1.95861250e-01,9.17554319e-01
51,1,2.14995414e-01,9.03194308e-01
52,1,2.14701906e-01,9.02385592e-01
53,1,2.14930102e-01,9.02712524e-01
54,0,1.95100531e-01,9.16962922e-01
55,1,2.14963377e-01,9.02804852e-01
56,0,1.95374951e-01,9.16222453e-01
57,1,2.14690313e-01,9.03021216e-01
58,1,2.14775175e-01,9.03064549e-01
59,0,1.95305407e-01,9.16283011e-01
60,1,2.14701101e-01,9.02610600e-01
61,1,2.15065986e-01,9.02980447e-01
62,0,1.95835665e-01,9.17459846e-01
63,0,1.95144057e-01,9.16026533e-01
64,1,2.14994743e-01,9.02231216e-01
65,0,1.95807189e-01,9.16562319e-01
66,0,1.95468962e-01,9.16183710e-01
67,1,2.15710372e-01,9.03396487e-01
68,1,2.15200707e-01,9.02493417e-01
69,1,2.14578405e-01,9.03027594e-01
70,1,2.15206623e-01,9.03279543e-01
71,0,1.95275217e-01,9.16272461e-01
72,0,1.95351481e-01,9.16806459e-01
73,1,2.15330258e-01,9.02779222e-01
74,0,1.95671290e-01,9.16498303e-01
75,1,2.14923978e-01,9.02916193e-01
76,1,2.14804307e-01,9.03142095e-01
77,1,2.14405239e-01,9.02908921e-01
78,0,1.95845827e-01,9.16930079e-01
79,1,2.14927912e-01,9.02880192e-01
80,0,1.95071951e-01,9.16616440e-01
81,1,2.14743346e-01,9.02888060e-01
82,0,1.95482075e-01,9.17250991e-01
83,0,1.95360258e-01,9.16485906e-01
84,0,1.94860622e-01,9.16817427e-01
85,0,1.95671856e-01,9.16914225e-01
86,0,1.95614517e-01,9.16028261e-01
87,1,2.15733677e-01,9.02710557e-01
88,1,2.14956209e-01,9.03210640e-01
89,0,1.95337996e-01,9.16544139e-01
90,0,1.95255935e-01,9.15911674e-01
91,0,1.95477888e-01,9.16382194e-01
92,1,2.14445248e-01,9.02592897e-01
93,1,2.14876533e-01,9.03325438e-01
94,1,2.14716181e-01,9.02210832e-01
95,1,2.15624616e-01,9.02684450e-01
96,1,2.15117365e-01,9.02494192e-01
97,1,2.14602053e-01,9.02212322e-01
98,1,2.15188801e-01,9.02718604e-01
99,1,2.14843363e-01,9.02675271e-01
100,1,2.14975461e-01,9.02594149e-01
101,0,1.95417657e-01,9.16489184e-01
102,0,1.95253849e-01,9.16499853e-01
103,0,1.95531741e-01,9.16759372e-01
104,1,2.15322822e-01,9.03291225e-01
105,1,2.15199053e-01,9.01911855e-01
106,0,1.95541456e-01,9.15836513e-01
107,1,2.14516118e-01,9.03389454e-01
108,0,1.95674926e-01,9.16741848e-01
109,0,1.95006266e-01,9.16208804e-01
110,0,1.95618123e-01,9.16399658e-01
111,0,1.95465997e-01,9.16304648e-01
112,0,1.95683837e-01,9.16035056e-01
113,0,1.95481122e-01,9.16474462e-01
114,0,1.95267424e-01,9.17934358e-01
115,1,2.15364978e-01,9.02874470e-01
116,0,1.95492670e-01,9.16652322e-01
117,1,2.14966699e-01,9.02608395e-01
118,0,1.95464879e-01,9.17067766e-01
119,0,1.95752978e-01,9.16188002e-01
120,1,2.15341732e-01,9.02962089e-01
121,0,1.95581391e-01,9.17158008e-01
122,0,1.95397735e-01,9.16621387e-01
123,0,1.95534140e-01,9.16562557e-01
124,0,1.96367145e-01,9.15896058e-01
125,0,1.95565745e-01,9.16183889e-01
126,1,2.15300977e-01,9.02507365e-01
127,1,2.14930579e-01,9.02497888e-01
128,1,2.15066180e-01,9.02784765e-01
129,1,2.14689508e-01,9.02479887e-01
130,1,2.14710340e-01,9.02552009e-01
131,0,1.95121393e-01,9.15844679e-01
132,0,1.95588961e-01,9.16306674e-01
133,0,1.95834726e-01,9.16177273e-01
134,1,2.15132698e-01,9.02444005e-01
135,0,1.95237800e-01,9.16944802e-01
136,1,2.15181589e-01,9.03169096e-01
137,1,2.15484813e-01,9.02785242e-01
138,0,1.95439860e-01,9.17072713e-01
139,0,1.95627421e-01,9.17106926e-01
140,0,1.95807964e-01,9.16379392e-01
141,1,2.14838624e-01,9.02150989e-01
142,1,2.15365440e-01,9.02852833e-01
143,0,1.95556417e-01,9.16788697e-01
144,0,1.96170896e-01,9.17594969e-01
145,0,1.94965780e-01,9.16068912e-01
146,0,1.95273370e-01,9.16964173e-01
147,0,1.95186153e-01,9.16369498e-01
148,0,1.95630550e-01,9.16729569e-01
149,1,2.14639753e-01,9.02314663e-01
150,1,2.14819476e-01,9.02943373e-01
151,0,1.95137739e-01,9.16105390e-01
152,1,2.14545727e-01,9.03042197e-01
153,1,2.15311870e-01,9.02389169e-01
154,1,2.15128869e-01,9.03188944e-01
155,0,1.95237562e-01,9.16737199e-01
156,0,1.95511580e-01,9.15859699e-01
157,1,2.15182886e-01,9.02808487e-01
158,0,1.95735395e-01,9.16511834e-01
159,0,1.95533514e-01,9.16949570e-01
160,0,1.95256725e-01,9.15917814e-01
161,0,1.95339903e-01,9.17215228e-01
162,1,2.15391248e-01,9.02565241e-01
163,0,1.95482835e-01,9.16875064e-01
164,0,1.95611760e-01,9.16293621e-01
165,1,2.15251505e-01,9.02624846e-01
166,0,1.96019322e-01,9.15976644e-01
167,0,1.96034893e-01,9.16064501e-01
168,1,2.14803964e-01,9.02116597e-01
169,0,1.95379063e-01,9.15761590e-01
170,0,1.95549220e-01,9.17020261e-01
171,1,2.14438900e-01,9.02621329e-01
172,0,1.95209950e-01,9.16105032e-01
173,1,2.15147316e-01,9.03447807e-01
174,0,1.95834860e-01,9.16783929e-01
175,1,2.14978963e-01,9.02301967e-01
176,1,2.15461507e-01,9.02733684e-01
177,1,2.14949489e-01,9.02775049e-01
178,0,1.94896251e-01,9.16772604e-01
179,1,2.14620769e-01,9.02998686e-01
180,0,1.95784152e-01,9.16548252e-01
181,0,1.95167214e-01,9.16456521e-01
182,0,1.94963560e-01,9.15736914e-01
183,1,2.14733258e-01,9.02530789e-01
184,0,1.95728347e-01,9.16578114e-01
185,0,1.95116207e-01,9.17204499e-01
186,0,1.95820644e-01,9.17028546e-01
187,1,2.15533763e-01,9.02304173e-01
188,0,1.95271105e-01,9.16626692e-01
189,0,1.95708796e-01,9.16323185e-01
190,0,1.95918366e-01,9.16416943e-01
191,1,2.15123400e-01,9.03996229e-01
192,1,2.15062812e-01,9.02572095e-01
193,0,1.95859626e-01,9.16765273e-01
194,0,1.95258886e-01,9.16798532e-01
195,1,2.15156421e-01,9.03150082e-01
196,1,2.14929089e-01,9.02820826e-01
197,0,1.95007160e-01,9.16327357e-01
198,0,1.95364892e-01,9.16139066e-01
199,0,1.95622310e-01,9.16465282e-01
200,0,1.95730165e-01,9.15832639e-01
201,1,2.14956522e-01,9.02560294e-01
202,0,1.95101410e-01,9.16516900e-01
203,0,1.95532680e-01,9.16048825e-01
204,0,1.95936337e-01,9.16587234e-01
205,0,1.95709795e-01,9.15430427e-01
206,1,2.14824080e-01,9.02408957e-01
207,1,2.15073779e-01,9.03095603e-01
208,0,1.95707947e-01,9.15548682e-01
209,0,1.95511997e-01,9.16349590e-01
210,0,1.95271686e-01,9.16174591e-01
211,1,2.15117678e-01,9.02471781e-01
212,0,1.95671201e-01,9.16001678e-01
213,0,1.95516124e-01,9.16040003e-01
214,0,1.95543960e-01,9.15909290e-01
215,0,1.95321709e-01,9.17021096e-01
216,1,2.14918405e-01,9.02705073e-01
217,0,1.95617557e-01,9.16670918e-01
218,0,1.95221767e-01,9.17276025e-01
219,0,1.95499331e-01,9.16143179e-01
220,1,2.15180352e-01,9.02422905e-01
221,1,2.14704216e-01,9.02445495e-01
222,0,1.95461690e-01,9.16734338e-01
223,1,2.15205133e-01,9.03150797e-01
224,1,2.14869976e-01,9.02270138e-01
225,1,2.14867979e-01,9.02342618e-01
226,0,1.95677474e-01,9.17047381e-01
227,0,1.95667461e-01,9.16743398e-01
228,1,2.15525866e-01,9.02338386e-01
229,1,2.15165213e-01,9.02679205e-01
230,1,2.14869037e-01,9.03242588e-01
231,1,2.15145677e-01,9.02621448e-01
232,1,2.14966401e-01,9.01794374e-01
233,1,2.14890122e-01,9.02519286e-01
234,1,2.15041205e-01,9.02457476e-01
235,1,2.15274528e-01,9.02183294e-01
236,0,1.95427716e-01,9.16533828e-01
237,0,1.95524409e-01,9.16450858e-01
238,0,1.95609033e-01,9.16796207e-01
239,0,1.95408449e-01,9.15975749e-01
240,1,2.15040997e-01,9.02050197e-01
241,0,1.95806026e-01,9.17293310e-01
242,0,1.95325971e-01,9.16369557e-01
243,0,1.95161641e-01,9.16973293e-01
244,0,1.95153430e-01,9.16543245e-01
245,0,1.95512921e-01,9.17293787e-01
246,1,2.15120465e-01,9.02394056e-01
247,0,1.95301905e-01,9.16733980e-01
248,1,2.15207160e-01,9.03028667e-01
249,0,1.95278302e-01,9.16424513e-01
250,1,2.15434447e-01,9.02964115e-01
251,1,2.15474531e-01,9.03100014e-01
252,0,1.95424765e-01,9.16134238e-01
253,1,2.14816332e-01,9.02557731e-01
254,1,2.14885592e-01,9.02576208e-01
255,1,2.15092078e-01,9.01971936e-01
256,1,2.15245411e-01,9.02305722e-01
257,1,2.15225846e-01,9.02841985e-01
258,0,1.95664704e-01,9.15534139e-01
259,1,2.15108022e-01,9.02900577e-01
260,0,1.95136085e-01,9.17117059e-01
261,1,2.14763388e-01,9.03621137e-01
262,0,1.95158318e-01,9.16595697e-01
263,1,2.15266317e-01,9.02865887e-01
264,0,1.95460007e-01,9.16324019e-01
265,0,1.95434391e-01,9.16706443e-01
266,1,2.15183854e-01,9.02290523e-01
267,0,1.95510209e-01,9.15963531e-01
268,1,2.14992046e-01,9.02103722e-01
269,0,1.95685983e-01,9.16029632e-01
270,0,1.95203885e-01,9.16361451e-01
271,1,2.15160206e-01,9.02604103e-01
272,0,1.95295513e-01,9.16368365e-01
273,1,2.15167806e-01,9.02356625e-01
274,1,2.15053976e-01,9.02604699e-01
275,0,1.95446581e-01,9.15969253e-01
276,0,1.95772231e-01,9.15313959e-01
277,1,2.14705244e-01,9.02802825e-01
278,1,2.15574622e-01,9.02920663e-01
279,1,2.14775130e-01,9.02599096e-01
280,0,1.95395395e-01,9.15863216e-01
281,0,1.95263684e-01,9.16815996e-01
282,0,1.95566684e-01,9.15627778e-01
283,1,2.15184569e-01,9.02831197e-01
284,1,2.14941755e-01,9.02990699e-01
285,1,2.15089992e-01,9.02279496e-01
286,0,1.95691317e-01,9.16157961e-01
287,0,1.96344703e-01,9.16404426e-01
288,0,1.95104122e-01,9.16386008e-01
289,1,2.15040520e-01,9.03024554e-01
290,1,2.15184063e-01,9.03220713e-01
291,0,1.94970116e-01,9.15951252e-01
292,1,2.15014815e-01,9.02591944e-01
293,0,1.95690453e-01,9.16926801e-01
294,1,2.15215370e-01,9.02487397e-01
295,1,2.15036571e-01,9.01904225e-01
296,1,2.15232447e-01,9.02756512e-01
297,0,1.95559829e-01,9.17357445e-01
298,1,2.15068996e-01,9.02885914e-01
299,1,2.14683309e-01,9.02321935e-01
300,1,2.15531096e-01,9.01948571e-01
301,1,2.15092093e-01,9.02294636e-01
302,0,1.95637241e-01,9.16070342e-01
303,1,2.15129748e-01,9.01969850e-01
304,0,1.95636019e-01,9.16369736e-01
305,1,2.14905828e-01,9.02360797e-01
306,1,2.14950651e-01,9.02584255e-01
307,1,2.14494437e-01,9.02046859e-01
308,0,1.95619300e-01,9.16330457e-01
309,1,2.14985192e-01,9.02026772e-01
310,1,2.15147406e-01,9.02128756e-01
311,0,1.95974112e-01,9.16704059e-01
312,0,1.95518866e-01,9.16028261e-01
313,0,1.95965737e-01,9.15822089e-01
314,0,1.95679590e-01,9.17364717e-01
315,0,1.95289329e-01,9.16428089e-01
316,0,1.95227697e-01,9.15911257e-01
317,0,1.95827112e-01,9.16516781e-01
318,0,1.95659444e-01,9.16522741e-01
319,1,2.15282500e-01,9.03006196e-01
320,0,1.95137784e-01,9.16437328e-01
321,0,1.95312291e-01,9.15911317e-01
322,0,1.95989266e-01,9.16043580e-01
323,0,1.95087761e-01,9.17535603e-01
324,1,2.15221107e-01,9.02363002e-01
325,0,1.95464924e-01,9.16231573e-01
326,1,2.14974388e-01,9.02888060e-01
327,1,2.14678869e-01,9.02383089e-01
328,0,1.95719346e-01,9.16737676e-01
329,1,2.15003759e-01,9.02505338e-01
330,1,2.15248451e-01,9.02721643e-01
331,1,2.14964092e-01,9.02496040e-01
332,1,2.14699581e-01,9.03311610e-01
333,1,2.15442240e-01,9.02139425e-01
334,0,1.95991993e-01,9.17153597e-01
335,1,2.15181440e-01,9.02585983e-01
336,0,1.95367396e-01,9.16166723e-01
337,1,2.15077296e-01,9.02906060e-01
338,0,1.95309088e-01,9.16072309e-01
339,1,2.14821339e-01,9.01926339e-01
340,0,1.95386708e-01,9.16510046e-01
341,0,1.95291415e-01,9.16457057e-01
342,0,1.95472047e-01,9.16725159e-01
343,1,2.14757800e-01,9.01723266e-01
344,0,1.95953399e-01,9.16444540e-01
345,1,2.14588597e-01,9.03008580e-01
346,1,2.14779213e-01,9.02272344e-01
347,1,2.14880347e-01,9.02773261e-01
348,1,2.15334848e-01,9.03297067e-01
349,1,2.15124771e-01,9.03203011e-01
350,1,2.14944795e-01,9.01645422e-01
351,0,1.95772335e-01,9.16533768e-01
352,0,1.95956886e-01,9.17208433e-01
353,0,1.95019946e-01,9.16511238e-01
354,1,2.14865163e-01,9.01600122e-01
355,1,2.15149850e-01,9.02371883e-01
356,1,2.15598062e-01,9.02697325e-01
357,1,2.15134233e-01,9.02770638e-01
358,0,1.95004985e-01,9.17089045e-01
359,0,1.95828438e-01,9.16333675e-01
360,0,1.95149213e-01,9.16097343e-01
361,1,2.15126097e-01,9.02580500e-01
362,1,2.14955896e-01,9.02352452e-01
363,0,1.95622757e-01,9.15910661e-01
364,1,2.15389252e-01,9.01680887e-01
365,1,2.15256453e-01,9.02556717e-01
366,0,1.95740357e-01,9.15660322e-01
367,0,1.95736766e-01,9.16823208e-01
368,0,1.95310563e-01,9.16357934e-01
369,0,1.95526585e-01,9.15683210e-01
370,0,1.95098758e-01,9.16826010e-01
371,0,1.95726693e-01,9.16800737e-01
372,1,2.15067700e-01,9.01946425e-01
373,1,2.14987069e-01,9.02305007e-01
374,0,1.95389926e-01,9.16253209e-01
375,1,2.15396866e-01,9.02723908e-01
376,0,1.95375130e-01,9.16664779e-01
377,0,1.96307570e-01,9.16167974e-01
378,0,1.95479169e-01,9.16809797e-01
379,1,2.14807004e-01,9.02500093e-01
380,1,2.14649722e-01,9.02549803e-01
381,0,1.95340917e-01,9.16176081e-01
382,0,1.95480958e-01,9.16285992e-01
383,0,1.95064828e-01,9.16741490e-01
384,0,1.95654765e-01,9.16802287e-01
385,0,1.95931509e-01,9.16370392e-01
386,1,2.14707777e-01,9.02486682e-01
387,0,1.95644334e-01,9.16524053e-01
388,1,2.14922011e-01,9.02245402e-01
389,1,2.15290576e-01,9.02900159e-01
390,1,2.15304360e-01,9.02594686e-01
391,1,2.15250343e-01,9.02463734e-01
392,1,2.14784458e-01,9.03200269e-01
393,1,2.14772955e-01,9.03211355e-01
394,0,1.95353210e-01,9.16344285e-01
395,1,2.15179652e-01,9.03017879e-01
396,0,1.95373714e-01,9.16677117e-01
397,0,1.95835918e-01,9.17114139e-01
398,0,1.95226535e-01,9.16573226e-01
399,0,1.95544511e-01,9.16437805e-01
400,1,2.14917526e-01,9.02612031e-01
401,0,1.95511341e-01,9.16548073e-01
402,0,1.95179328e-01,9.16573763e-01
403,1,2.14768678e-01,9.02997255e-01
404,0,1.95984602e-01,9.15784776e-01
405,0,1.95859537e-01,9.16530490e-01
406,0,1.94961131e-01,9.16745305e-01
407,1,2.14833736e-01,9.02220726e-01
408,0,1.95473284e-01,9.15886462e-01
409,0,1.95607111e-01,9.16912794e-01
410,0,1.95206359e-01,9.16923344e-01
411,1,2.14831755e-01,9.01702464e-01
412,0,1.95244253e-01,9.17276502e-01
413,1,2.14670092e-01,9.02201653e-01
414,1,2.15049535e-01,9.02879596e-01
415,0,1.95151553e-01,9.16102231e-01
416,0,1.95536017e-01,9.16674733e-01
417,1,2.15159014e-01,9.02946711e-01
418,0,1.95245907e-01,9.16291475e-01
419,0,1.95093036e-01,9.16417897e-01
420,0,1.95412293e-01,9.16777670e-01
421,0,1.95874631e-01,9.15583730e-01
422,0,1.95426255e-01,9.16961253e-01
423,0,1.95364669e-01,9.16153073e-01
424,0,1.95493281e-01,9.16139901e-01
425,1,2.15102881e-01,9.01716709e-01
426,0,1.95140094e-01,9.15670514e-01
427,0,1.96110636e-01,9.15840149e-01
428,0,1.95875764e-01,9.17141020e-01
429,0,1.95250019e-01,9.16482210e-01
430,0,1.95711002e-01,9.17170286e-01
431,0,1.95798129e-01,9.16066527e-01
432,0,1.95533127e-01,9.16389465e-01
433,0,1.95487842e-01,9.16590631e-01
434,0,1.95540801e-01,9.16865528e-01
435,0,1.95190549e-01,9.17330027e-01
436,1,2.14784399e-01,9.02474701e-01
437,1,2.14570731e-01,9.03738022e-01
438,1,2.15361714e-01,9.01920676e-01
439,1,2.15025172e-01,9.02569532e-01
440,1,2.14726806e-01,9.02770996e-01
441,1,2.14728385e-01,9.02620912e-01
442,1,2.15074360e-01,9.02728796e-01
443,0,1.95423052e-01,9.16852474e-01
444,0,1.94975033e-01,9.16798830e-01
445,1,2.14297697e-01,9.01518703e-01
446,0,1.95568860e-01,9.16459858e-01
447,1,2.15465575e-01,9.03309345e-01
448,0,1.95686609e-01,9.16920066e-01
449,0,1.95167407e-01,9.17056799e-01
450,0,1.95596665e-01,9.16196167e-01
451,1,2.15046808e-01,9.02391195e-01
452,1,2.15256274e-01,9.02952790e-01
453,1,2.15277150e-01,9.02886868e-01
454,1,2.14708626e-01,9.02843356e-01
455,0,1.95447668e-01,9.16603863e-01
456,0,1.95375830e-01,9.16641355e-01
457,1,2.15128422e-01,9.02855515e-01
458,1,2.14711905e-01,9.02584434e-01
459,1,2.15218797e-01,9.02499735e-01
460,1,2.14974076e-01,9.02076304e-01
461,1,2.15063959e-01,9.02453780e-01
462,0,1.95839763e-01,9.16861117e-01
463,1,2.15180382e-01,9.01973784e-01
464,1,2.14979514e-01,9.02537227e-01
465,0,1.95720732e-01,9.16560233e-01
466,0,1.95490330e-01,9.16211843e-01
467,1,2.15397671e-01,9.02691483e-01
468,1,2.14724258e-01,9.03475165e-01
469,1,2.14952797e-01,9.02107060e-01
470,1,2.15448454e-01,9.02291834e-01
471,0,1.96038887e-01,9.16283965e-01
472,1,2.14999035e-01,9.02109027e-01
473,1,2.15001553e-01,9.02584791e-01
474,1,2.14898869e-01,9.02364612e-01
475,1,2.14871019e-01,9.02378917e-01
476,1,2.15061277e-01,9.02626336e-01
477,0,1.95674524e-01,9.16994274e-01
478,1,2.15210885e-01,9.02673602e-01
479,0,1.95522726e-01,9.16014671e-01
480,1,2.15584263e-01,9.02172565e-01
481,0,1.95909768e-01,9.16070819e-01
482,1,2.15241760e-01,9.02503133e-01
483,1,2.14694217e-01,9.02702868e-01
484,0,1.95326895e-01,9.15406883e-01
485,1,2.14318201e-01,9.02404308e-01
486,1,2.14848384e-01,9.03152347e-01
487,1,2.15000957e-01,9.02272224e-01
488,1,2.15285838e-01,9.02510166e-01
489,0,1.95429429e-01,9.16892886e-01
490,1,2.15319201e-01,9.02483344e-01
491,0,1.95733219e-01,9.16422486e-01
492,1,2.15246379e-01,9.03625190e-01
493,0,1.95850655e-01,9.17031288e-01
494,1,2.15152264e-01,9.01997566e-01
495,0,1.95365116e-01,9.17004466e-01
496,1,2.15071410e-01,9.03187990e-01
497,1,2.15283215e-01,9.01852131e-01
498,0,1.95886046e-01,9.15963411e-01
499,0,1.95414856e-01,9.16662991e-01
500,0,1.95246771e-01,9.17304635e-01
501,1,2.15471670e-01,9.02555764e-01
502,0,1.95432186e-01,9.16739643e-01
503,1,2.14932770e-01,9.02493238e-01
504,1,2.15553850e-01,9.02992487e-01
505,1,2.14884505e-01,9.02855396e-01
506,0,1.95131153e-01,9.15847182e-01
507,0,1.95527986e-01,9.16465104e-01
508,0,1.95642263e-01,9.16452050e-01
509,1,2.15210527e-01,9.02405858e-01
510,1,2.15629816e-01,9.02430594e-01
511,1,2.14952409e-01,9.02730703e-01
512,1,2.15199918e-01,9.03139353e-01
513,0,1.95683792e-01,9.17260885e-01
514,0,1.95657209e-01,9.15970922e-01
515,0,1.95391133e-01,9.16830778e-01
516,1,2.15408042e-01,9.02445078e-01
517,0,1.95095316e-01,9.17048991e-01
518,0,1.95797086e-01,9.16582167e-01
519,0,1.95396811e-01,9.16598439e-01
520,1,2.15039253e-01,9.02946711e-01
521,0,1.95666745e-01,9.15604830e-01
522,1,2.15120077e-01,9.01485801e-01
523,1,2.14824855e-01,9.03606594e-01
524,1,2.14401916e-01,9.01765287e-01
525,0,1.95314169e-01,9.16016221e-01
526,0,1.95310876e-01,9.16908622e-01
527,1,2.14962766e-01,9.02472258e-01
528,1,2.15102717e-01,9.01646733e-01
529,0,1.95704788e-01,9.17130172e-01
530,1,2.15093255e-01,9.01729465e-01
531,0,1.95859268e-01,9.16467547e-01
532,1,2.14981213e-01,9.02864337e-01
533,1,2.14987949e-01,9.02181447e-01
534,1,2.15533361e-01,9.02619362e-01
535,1,2.15216652e-01,9.01936948e-01
536,1,2.15433955e-01,9.02297378e-01
537,1,2.14967072e-01,9.03074622e-01
538,0,1.94805950e-01,9.16400969e-01
539,1,2.15207472e-01,9.02720571e-01
540,1,2.15407193e-01,9.02843237e-01
541,0,1.94874018e-01,9.16368067e-01
542,1,2.14856431e-01,9.03842926e-01
543,0,1.95734099e-01,9.16468024e-01
544,0,1.95594117e-01,9.16452169e-01
545,1,2.14868322e-01,9.02348280e-01
546,0,1.95592612e-01,9.16693807e-01
547,0,1.94868937e-01,9.16161776e-01
548,0,1.95903927e-01,9.16536450e-01
549,1,2.14921251e-01,9.02554989e-01
550,1,2.14640558e-01,9.02596056e-01
551,0,1.95030972e-01,9.16954935e-01
552,0,1.95331544e-01,9.16950107e-01
553,0,1.95110619e-01,9.16344762e-01
554,1,2.15020418e-01,9.03235555e-01
555,1,2.15432420e-01,9.03242946e-01
556,0,1.95762053e-01,9.15843248e-01
557,0,1.95615426e-01,9.16810274e-01
558,1,2.15238810e-01,9.02855635e-01
559,1,2.15027332e-01,9.02810931e-01
560,1,2.14948848e-01,9.01529074e-01
561,1,2.15221450e-01,9.02214408e-01
562,0,1.95816100e-01,9.15736914e-01
563,1,2.15344086e-01,9.02350068e-01
564,0,1.94927350e-01,9.16434526e-01
565,1,2.14994043e-01,9.02780414e-01
566,1,2.15141058e-01,9.02617693e-01
567,0,1.95606098e-01,9.17020917e-01
568,0,1.95086524e-01,9.16735411e-01
569,1,2.15397045e-01,9.02637601e-01
570,0,1.95752233e-01,9.16973948e-01
571,1,2.15107352e-01,9.02717590e-01
572,0,1.95570067e-01,9.16640043e-01
573,1,2.15504020e-01,9.02225137e-01
574,0,1.95952505e-01,9.16294217e-01
575,0,1.95042253e-01,9.17024374e-01
576,1,2.15150058e-01,9.01888549e-01
577,0,1.95116982e-01,9.15813208e-01
578,1,2.15053752e-01,9.01741982e-01
579,1,2.15419367e-01,9.02543128e-01
580,1,2.15227127e-01,9.02770877e-01
581,1,2.15122253e-01,9.02032197e-01
582,1,2.14975476e-01,9.01978612e-01
583,1,2.14823917e-01,9.02932048e-01
584,0,1.95168391e-01,9.16482329e-01
585,0,1.95463166e-01,9.16519403e-01
586,0,1.95256576e-01,9.17126715e-01
587,1,2.14730218e-01,9.03541446e-01
588,1,2.14657158e-01,9.02500629e-01
589,0,1.95668951e-01,9.16462541e-01
590,0,1.95461452e-01,9.16675329e-01
591,1,2.15106457e-01,9.02670562e-01
592,1,2.14982420e-01,9.02694106e-01
593,0,1.95340753e-01,9.16818500e-01
594,0,1.95648238e-01,9.15750921e-01
595,0,1.95338041e-01,9.16546106e-01
596,0,1.95163459e-01,9.16978240e-01
597,0,1.95444137e-01,9.16398168e-01
598,0,1.95869476e-01,9.16966081e-01
599,0,1.95559591e-01,9.17364478e-01
600,1,2.14814857e-01,9.02850866e-01
601,1,2.15211719e-01,9.03068662e-01
602,1,2.15418339e-01,9.01860356e-01
603,0,1.95569068e-01,9.16621923e-01
604,0,1.95228428e-01,9.16791797e-01
605,1,2.15063930e-01,9.02434826e-01
606,1,2.15475351e-01,9.02107179e-01
607,0,1.94936171e-01,9.16450143e-01
608,0,1.95008740e-01,9.16077673e-01
609,0,1.95048794e-01,9.15888846e-01
610,0,1.95357978e-01,9.16834831e-01
611,0,1.95094019e-01,9.16235328e-01
612,1,2.14586496e-01,9.02807415e-01
613,0,1.96546078e-01,9.16711569e-01
614,1,2.15013638e-01,9.02441859e-01
615,1,2.14738131e-01,9.02838588e-01
616,1,2.14900553e-01,9.01921511e-01
617,0,1.95777431e-01,9.16482210e-01
618,1,2.14963719e-01,9.03369963e-01
619,1,2.15195179e-01,9.02125716e-01
620,0,1.95878923e-01,9.16297555e-01
621,0,1.95684329e-01,9.16832209e-01
622,1,2.14991584e-01,9.03343916e-01
623,1,2.15125203e-01,9.01704192e-01
624,1,2.15163067e-01,9.02587891e-01
625,1,2.14727730e-01,9.02697682e-01
626,0,1.95384040e-01,9.16212857e-01
627,1,2.14852855e-01,9.02646303e-01
628,1,2.15021700e-01,9.02491987e-01
629,0,1.95744991e-01,9.16771531e-01
630,1,2.15296701e-01,9.02312636e-01
631,1,2.14489281e-01,9.01686907e-01
632,0,1.94748372e-01,9.16442513e-01
633,1,2.15521500e-01,9.02496457e-01
634,1,2.15145424e-01,9.02698457e-01
635,1,2.14437559e-01,9.03532267e-01
636,0,1.95662931e-01,9.16208267e-01
637,0,1.95304126e-01,9.16396141e-01
638,0,1.95320934e-01,9.16788638e-01
639,1,2.15457723e-01,9.02420759e-01
640,0,1.95786402e-01,9.17081952e-01
641,1,2.15797886e-01,9.02060866e-01
642,1,2.15224534e-01,9.02339578e-01
643,1,2.15334669e-01,9.03153241e-01
644,0,1.95214972e-01,9.16768789e-01
645,1,2.14962170e-01,9.03382361e-01
646,0,1.95781261e-01,9.16040182e-01
647,1,2.15267494e-01,9.01720166e-01
648,0,1.95531726e-01,9.16799068e-01
649,1,2.14906350e-01,9.02511358e-01
650,1,2.15162203e-01,9.02757645e-01
651,0,1.95917428e-01,9.16222334e-01
652,0,1.95109889e-01,9.16626573e-01
653,0,1.95194557e-01,9.16261911e-01
654,1,2.15259671e-01,9.02371585e-01
655,0,1.95608482e-01,9.16113496e-01
656,1,2.14987114e-01,9.02588010e-01
657,1,2.14697257e-01,9.03340280e-01
658,1,2.15122357e-01,9.03098106e-01
659,0,1.95963651e-01,9.16765630e-01
660,0,1.95829883e-01,9.16375995e-01
661,1,2.14598954e-01,9.02891695e-01
662,0,1.95098847e-01,9.16517615e-01
663,0,1.94895864e-01,9.17540729e-01
664,1,2.15239421e-01,9.03137565e-01
665,0,1.95427880e-01,9.17162895e-01
666,1,2.15186700e-01,9.02157903e-01
667,0,1.94944277e-01,9.16859090e-01
668,1,2.15352073e-01,9.02569532e-01
669,0,1.95778206e-01,9.16612029e-01
670,0,1.95639998e-01,9.16773081e-01
671,0,1.95880264e-01,9.16148782e-01
672,1,2.14424402e-01,9.02925491e-01
673,0,1.95291966e-01,9.16015863e-01
674,1,2.14901030e-01,9.02641296e-01
675,0,1.95374534e-01,9.16910052e-01
676,0,1.95029527e-01,9.16613877e-01
677,0,1.95307121e-01,9.16626096e-01
678,1,2.15083510e-01,9.02594864e-01
679,0,1.95761904e-01,9.16169047e-01
680,0,1.96075648e-01,9.17503595e-01
681,1,2.15021104e-01,9.03244317e-01
682,1,2.14929163e-01,9.03021216e-01
683,1,2.15116084e-01,9.02789414e-01
684,0,1.95631653e-01,9.16515887e-01
685,0,1.95342138e-01,9.16382968e-01
686,1,2.15276301e-01,9.02037621e-01
687,0,1.95407003e-01,9.16721940e-01
688,1,2.15458378e-01,9.02997851e-01
689,0,1.95553169e-01,9.16936934e-01
690,0,1.95537269e-01,9.16657805e-01
691,1,2.15175182e-01,9.02194738e-01
692,0,1.95869043e-01,9.16631043e-01
693,0,1.95515409e-01,9.17100310e-01
694,1,2.14989111e-01,9.03075039e-01
695,1,2.14919269e-01,9.02823091e-01
696,1,2.14881584e-01,9.01993752e-01
697,0,1.95503578e-01,9.16663051e-01
698,1,2.14824483e-01,9.03099239e-01
699,1,2.14810133e-01,9.02089477e-01
700,0,1.95795342e-01,9.17134404e-01
701,1,2.15451419e-01,9.02904034e-01
702,1,2.14942396e-01,9.02548075e-01
703,0,1.95336163e-01,9.16061163e-01
704,1,2.15317547e-01,9.02249813e-01
705,0,1.95101753e-01,9.15743709e-01
706,0,1.94657609e-01,9.16468680e-01
707,0,1.95440575e-01,9.15914297e-01
708,0,1.95750922e-01,9.16197896e-01
709,0,1.95560828e-01,9.16321874e-01
710,0,1.95811719e-01,9.16342020e-01
711,0,1.95403337e-01,9.15460467e-01
712,1,2.14692235e-01,9.02992368e-01
713,0,1.95834875e-01,9.15715694e-01
714,0,1.94918945e-01,9.16793942e-01
715,1,2.14921176e-01,9.02755916e-01
716,1,2.15108469e-01,9.02698278e-01
717,0,1.95501730e-01,9.15877223e-01
718,1,2.14847490e-01,9.02758598e-01
719,1,2.14818493e-01,9.02067423e-01
720,0,1.95381179e-01,9.16629791e-01
721,0,1.95676118e-01,9.16866064e-01
722,1,2.14602947e-01,9.02381301e-01
723,0,1.95604950e-01,9.16510820e-01
724,0,1.95115551e-01,9.16283727e-01
725,0,1.95174351e-01,9.15980875e-01
726,1,2.14910924e-01,9.02926981e-01
727,1,2.15066731e-01,9.02308404e-01
728,0,1.95863619e-01,9.16805029e-01
729,1,2.14899942e-01,9.02327418e-01
730,0,1.95998266e-01,9.16534781e-01
731,0,1.95877403e-01,9.17403400e-01
732,1,2.14959830e-01,9.02202368e-01
733,0,1.95586517e-01,9.16697919e-01
734,0,1.95322573e-01,9.16452646e-01
735,0,1.95559919e-01,9.15931821e-01
736,1,2.14650765e-01,9.03607726e-01
737,1,2.15416044e-01,9.02652919e-01
738,1,2.15228602e-01,9.03524756e-01
739,1,2.15048999e-01,9.03370857e-01
740,1,2.14772061e-01,9.02649760e-01
741,0,1.95466265e-01,9.17078495e-01
742,0,1.95488766e-01,9.16533411e-01
743,1,2.15338513e-01,9.01653230e-01
744,1,2.14888006e-01,9.02489662e-01
745,0,1.95417449e-01,9.16989565e-01
746,1,2.14924440e-01,9.03144121e-01
747,1,2.15255752e-01,9.02714074e-01
748,0,1.95968881e-01,9.16061997e-01
749,1,2.15193078e-01,9.01889920e-01
750,1,2.14585125e-01,9.02846217e-01
751,1,2.15150595e-01,9.02601659e-01
752,1,2.15078831e-01,9.02974129e-01
753,1,2.15021312e-01,9.03122783e-01
754,0,1.95266619e-01,9.16794360e-01
755,0,1.95576191e-01,9.17107582e-01
756,1,2.15420112e-01,9.02161241e-01
757,0,1.95148304e-01,9.16678786e-01
758,0,1.95356965e-01,9.16039586e-01
759,0,1.95444643e-01,9.16724980e-01
760,0,1.95026353e-01,9.16456461e-01
761,1,2.15047196e-01,9.02215719e-01
762,1,2.14979589e-01,9.02778864e-01
763,1,2.14864701e-01,9.02293682e-01
764,1,2.14905113e-01,9.02021229e-01
765,1,2.14922681e-01,9.02620196e-01
766,0,1.95109457e-01,9.16761160e-01
767,0,1.95039064e-01,9.16139603e-01
768,1,2.14995161e-01,9.02371526e-01
769,0,1.95350587e-01,9.17066991e-01
770,1,2.15823174e-01,9.02681589e-01
771,0,1.95703745e-01,9.16590691e-01
772,1,2.15190724e-01,9.03030396e-01
773,1,2.15153560e-01,9.03342366e-01
774,0,1.95312202e-01,9.17007744e-01
775,1,2.15168759e-01,9.02557731e-01
776,1,2.15554655e-01,9.02494609e-01
777,0,1.94786847e-01,9.16293621e-01
778,0,1.95483491e-01,9.15877998e-01
779,1,2.15377674e-01,9.02666330e-01
780,0,1.95550486e-01,9.16777492e-01
781,0,1.95418999e-01,9.17573094e-01
782,1,2.14997664e-01,9.02230740e-01
783,0,1.95903480e-01,9.16248083e-01
784,1,2.14750916e-01,9.03324544e-01
785,1,2.15295196e-01,9.02081370e-01
786,1,2.14794368e-01,9.02770936e-01
787,1,2.14958996e-01,9.02905464e-01
788,0,1.95425078e-01,9.16897893e-01
789,1,2.14811683e-01,9.03249919e-01
790,1,2.14892641e-01,9.02839720e-01
791,0,1.95240155e-01,9.16278601e-01
792,1,2.15231955e-01,9.02782559e-01
793,0,1.95404828e-01,9.16919470e-01
794,0,1.95524409e-01,9.15896177e-01
795,1,2.14635909e-01,9.02319908e-01
796,1,2.15342328e-01,9.02864337e-01
797,0,1.95652604e-01,9.16579843e-01
798,0,1.95182905e-01,9.16436255e-01
799,0,1.95804700e-01,9.16867256e-01
